{
  "spec/models/flow/work_item_flow_informations_spec.rb": 1.774324893951416,
  "spec/models/customer_spec.rb": 1.3446929454803467,
  "spec/controllers/financial_informations_controller_spec.rb": 2.5441627502441406,
  "spec/models/score_matrix_spec.rb": 0.11112737655639648,
  "spec/models/project_risk_alert_spec.rb": 0.06743955612182617,
  "spec/helpers/demand_blocks_helper_spec.rb": 0.03484511375427246,
  "spec/controllers/customers_controller_spec.rb": 5.449277400970459,
  "spec/models/company_settings_spec.rb": 0.04784393310546875,
  "spec/models/flow_impact_spec.rb": 0.21827101707458496,
  "spec/controllers/slack_configurations_controller_spec.rb": 2.840298652648926,
  "spec/models/contract_estimation_change_history_spec.rb": 0.0311129093170166,
  "spec/controllers/team_resources_controller_spec.rb": 1.1657888889312744,
  "spec/controllers/companies_controller_spec.rb": 9.904616594314575,
  "spec/adapters/highchart/team_charts_adapter_spec.rb": 2.907731294631958,
  "spec/models/stage_spec.rb": 2.0743396282196045,
  "spec/models/flow/time_flow_informations_spec.rb": 1.1164798736572266,
  "spec/models/jira/jira_api_error_spec.rb": 0.022465229034423828,
  "spec/models/plan_spec.rb": 0.18378376960754395,
  "spec/controllers/item_assignments_controller_spec.rb": 0.6945369243621826,
  "spec/models/user_plan_spec.rb": 1.1263630390167236,
  "spec/models/slack_configuration_spec.rb": 0.5203862190246582,
  "spec/models/project_broken_wip_log_spec.rb": 0.042914390563964844,
  "spec/controllers/jira/jira_product_configs_controller_spec.rb": 1.8824372291564941,
  "spec/helpers/date_helper_spec.rb": 0.036431074142456055,
  "spec/models/product_spec.rb": 2.319610834121704,
  "spec/jobs/jira/process_jira_issue_job_spec.rb": 0.12143921852111816,
  "spec/helpers/filter_helper_spec.rb": 0.06955289840698242,
  "spec/repositories/projects_repository_spec.rb": 0.9268500804901123,
  "spec/controllers/project_risk_configs_controller_spec.rb": 2.9029417037963867,
  "spec/repositories/demand_blocks_repository_spec.rb": 2.58484148979187,
  "spec/adapters/highchart/strategic_charts_adapter_spec.rb": 0.6799798011779785,
  "spec/services/demand_service_spec.rb": 0.7093782424926758,
  "spec/models/risk_review_spec.rb": 2.6989314556121826,
  "spec/controllers/contracts_controller_spec.rb": 4.1791205406188965,
  "spec/models/notifications/demand_transition_notification_spec.rb": 0.15973114967346191,
  "spec/controllers/teams_controller_spec.rb": 25.141059637069702,
  "spec/models/demand_comment_spec.rb": 0.05613899230957031,
  "spec/services/service_delivery_review_service_spec.rb": 0.4191579818725586,
  "spec/controllers/devise_custom/devise_customers/registrations_controller_spec.rb": 0.135847806930542,
  "spec/models/financial_information_spec.rb": 2.2323145866394043,
  "spec/models/consolidations/replenishing_consolidation_spec.rb": 0.07070779800415039,
  "spec/models/stage_project_config_spec.rb": 0.2669076919555664,
  "spec/models/devise_customer_spec.rb": 0.06982684135437012,
  "spec/controllers/api/v1/companies_controller_spec.rb": 0.05732250213623047,
  "spec/models/team_resource_allocation_spec.rb": 0.06766319274902344,
  "spec/controllers/plans_controller_spec.rb": 0.683173656463623,
  "spec/models/demand_score_matrix_spec.rb": 0.7749979496002197,
  "spec/models/flow/membership_flow_information_spec.rb": 0.7866709232330322,
  "spec/models/flow/contracts_flow_information_spec.rb": 5.8747358322143555,
  "spec/models/demand_spec.rb": 13.49487829208374,
  "spec/controllers/projects_controller_spec.rb": 15.616362571716309,
  "spec/services/jira/jira_api_service_spec.rb": 0.1290292739868164,
  "spec/models/jira/jira_product_config_spec.rb": 0.1442866325378418,
  "spec/models/user_project_role_spec.rb": 0.24866437911987305,
  "spec/models/jira/jira_account_spec.rb": 0.34073376655578613,
  "spec/controllers/charts_controller_spec.rb": 3.8187320232391357,
  "spec/controllers/portfolio_units_controller_spec.rb": 5.789306163787842,
  "spec/uploaders/flow_climate_image_uploader_spec.rb": 0.3732419013977051,
  "spec/adapters/highchart/operational_charts_adapter_spec.rb": 6.684233903884888,
  "spec/models/jira/jira_custom_field_mapping_spec.rb": 0.10923624038696289,
  "spec/controllers/risk_reviews_controller_spec.rb": 1.7095296382904053,
  "spec/models/risk_review_action_item_spec.rb": 0.08983707427978516,
  "spec/models/project_spec.rb": 27.47585678100586,
  "spec/controllers/flow_impacts_controller_spec.rb": 13.735849380493164,
  "spec/jobs/slack/slack_notifications_job_spec.rb": 0.5375251770019531,
  "spec/jobs/risk_review_generator_job_spec.rb": 0.09101581573486328,
  "spec/controllers/products_controller_spec.rb": 3.5135252475738525,
  "spec/models/item_assignment_spec.rb": 4.000234365463257,
  "spec/models/demand_block_spec.rb": 1.5008208751678467,
  "spec/models/service_delivery_review_spec.rb": 8.363180875778198,
  "spec/models/notifications/item_assignment_notification_spec.rb": 0.009118080139160156,
  "spec/mailers/user_notifier_mailer_spec.rb": 1.7800981998443604,
  "spec/services/collections_service_spec.rb": 0.011076688766479492,
  "spec/controllers/demand_score_matrices_controller_spec.rb": 1.1576054096221924,
  "spec/models/score_matrix_answer_spec.rb": 0.19785094261169434,
  "spec/models/project_risk_config_spec.rb": 0.11288619041442871,
  "spec/services/user_invite_service_spec.rb": 0.10623979568481445,
  "spec/adapters/highchart/projects_consolidations_charts_adapter_spec.rb": 0.22424077987670898,
  "spec/adapters/highchart/project_statistics_charts_adapter_spec.rb": 3.126443386077881,
  "spec/models/user_invite_spec.rb": 0.15184473991394043,
  "spec/repositories/demands_repository_spec.rb": 8.705098390579224,
  "spec/models/notifications/demand_block_notification_spec.rb": 0.016592979431152344,
  "spec/controllers/jira/jira_custom_field_mappings_controller_spec.rb": 1.0319955348968506,
  "spec/jobs/project_risk_monitor_job_spec.rb": 0.5221939086914062,
  "spec/models/flow/system_flow_information_spec.rb": 0.00827932357788086,
  "spec/models/membership_spec.rb": 10.544908285140991,
  "spec/models/team_resource_spec.rb": 0.020335912704467773,
  "spec/controllers/team_resource_allocations_controller_spec.rb": 0.47698068618774414,
  "spec/controllers/score_matrix_answers_controller_spec.rb": 0.8542256355285645,
  "spec/controllers/exports_controller_spec.rb": 0.29692888259887695,
  "spec/builders/demand_block_data_builder_spec.rb": 0.011232852935791016,
  "spec/services/stats/statistics_service_spec.rb": 0.08885049819946289,
  "spec/controllers/stage_project_configs_controller_spec.rb": 0.9586551189422607,
  "spec/controllers/devise_customers_controller_spec.rb": 0.0982980728149414,
  "spec/models/user_spec.rb": 1.138707160949707,
  "spec/services/time_service_spec.rb": 0.048172712326049805,
  "spec/controllers/home_controller_spec.rb": 0.012850046157836914,
  "spec/models/jira/jira_project_config_spec.rb": 0.20332050323486328,
  "spec/controllers/service_delivery_reviews_controller_spec.rb": 3.2589778900146484,
  "spec/controllers/score_matrices_controller_spec.rb": 1.2246332168579102,
  "spec/models/team_member_spec.rb": 0.9336197376251221,
  "spec/services/demand_score_matrix_service_spec.rb": 1.8273582458496094,
  "spec/services/risk_review_service_spec.rb": 2.117234945297241,
  "spec/adapters/highchart/finances_charts_adapter_spec.rb": 0.27073192596435547,
  "spec/controllers/application_controller_spec.rb": 0.03809809684753418,
  "spec/controllers/score_matrix_questions_controller_spec.rb": 2.2661080360412598,
  "spec/controllers/users_controller_spec.rb": 2.2457170486450195,
  "spec/models/contract_spec.rb": 0.8839490413665771,
  "spec/controllers/user_plans_controller_spec.rb": 0.5355372428894043,
  "spec/models/demand_data_processment_spec.rb": 0.05029630661010742,
  "spec/helpers/portfolio_unit_helper_spec.rb": 1.0967378616333008,
  "spec/controllers/api/v1/flow_impacts_controller_spec.rb": 0.29324769973754883,